<ImportExportXml version="9.2.25014.220" SolutionPackageVersion="9.2" languagecode="1033" generatedBy="CrmLive" xmlns:xsi="http://www.w3.org/2001/XMLSchema-instance" OrganizationVersion="9.2.25014.220" OrganizationSchemaType="Standard" CRMServerServiceabilityVersion="9.2.25014.00220">
  <SolutionManifest>
    <UniqueName>PurchaseRequisitionData</UniqueName>
    <LocalizedNames>
      <LocalizedName description="Purchase Requisition - Data" languagecode="1033" />
    </LocalizedNames>
    <Descriptions />
    <Version>1.0.0.0</Version>
    <Managed>0</Managed>
    <Publisher>
      <UniqueName>CTech</UniqueName>
      <LocalizedNames>
        <LocalizedName description="CTTech" languagecode="1033" />
      </LocalizedNames>
      <Descriptions />
      <EMailAddress xsi:nil="true"></EMailAddress>
      <SupportingWebsiteUrl xsi:nil="true"></SupportingWebsiteUrl>
      <CustomizationPrefix>cttech</CustomizationPrefix>
      <CustomizationOptionValuePrefix>39783</CustomizationOptionValuePrefix>
      <Addresses>
        <Address>
          <AddressNumber>1</AddressNumber>
          <AddressTypeCode>1</AddressTypeCode>
          <City xsi:nil="true"></City>
          <County xsi:nil="true"></County>
          <Country xsi:nil="true"></Country>
          <Fax xsi:nil="true"></Fax>
          <FreightTermsCode xsi:nil="true"></FreightTermsCode>
          <ImportSequenceNumber xsi:nil="true"></ImportSequenceNumber>
          <Latitude xsi:nil="true"></Latitude>
          <Line1 xsi:nil="true"></Line1>
          <Line2 xsi:nil="true"></Line2>
          <Line3 xsi:nil="true"></Line3>
          <Longitude xsi:nil="true"></Longitude>
          <Name xsi:nil="true"></Name>
          <PostalCode xsi:nil="true"></PostalCode>
          <PostOfficeBox xsi:nil="true"></PostOfficeBox>
          <PrimaryContactName xsi:nil="true"></PrimaryContactName>
          <ShippingMethodCode>1</ShippingMethodCode>
          <StateOrProvince xsi:nil="true"></StateOrProvince>
          <Telephone1 xsi:nil="true"></Telephone1>
          <Telephone2 xsi:nil="true"></Telephone2>
          <Telephone3 xsi:nil="true"></Telephone3>
          <TimeZoneRuleVersionNumber xsi:nil="true"></TimeZoneRuleVersionNumber>
          <UPSZone xsi:nil="true"></UPSZone>
          <UTCOffset xsi:nil="true"></UTCOffset>
          <UTCConversionTimeZoneCode xsi:nil="true"></UTCConversionTimeZoneCode>
        </Address>
        <Address>
          <AddressNumber>2</AddressNumber>
          <AddressTypeCode>1</AddressTypeCode>
          <City xsi:nil="true"></City>
          <County xsi:nil="true"></County>
          <Country xsi:nil="true"></Country>
          <Fax xsi:nil="true"></Fax>
          <FreightTermsCode xsi:nil="true"></FreightTermsCode>
          <ImportSequenceNumber xsi:nil="true"></ImportSequenceNumber>
          <Latitude xsi:nil="true"></Latitude>
          <Line1 xsi:nil="true"></Line1>
          <Line2 xsi:nil="true"></Line2>
          <Line3 xsi:nil="true"></Line3>
          <Longitude xsi:nil="true"></Longitude>
          <Name xsi:nil="true"></Name>
          <PostalCode xsi:nil="true"></PostalCode>
          <PostOfficeBox xsi:nil="true"></PostOfficeBox>
          <PrimaryContactName xsi:nil="true"></PrimaryContactName>
          <ShippingMethodCode>1</ShippingMethodCode>
          <StateOrProvince xsi:nil="true"></StateOrProvince>
          <Telephone1 xsi:nil="true"></Telephone1>
          <Telephone2 xsi:nil="true"></Telephone2>
          <Telephone3 xsi:nil="true"></Telephone3>
          <TimeZoneRuleVersionNumber xsi:nil="true"></TimeZoneRuleVersionNumber>
          <UPSZone xsi:nil="true"></UPSZone>
          <UTCOffset xsi:nil="true"></UTCOffset>
          <UTCConversionTimeZoneCode xsi:nil="true"></UTCConversionTimeZoneCode>
        </Address>
      </Addresses>
    </Publisher>
    <RootComponents>
      <RootComponent type="1" schemaName="account" behavior="0" />
      <RootComponent type="1" schemaName="contact" behavior="2" />
      <RootComponent type="1" schemaName="cttech_accountaddress" behavior="0" />
      <RootComponent type="1" schemaName="cttech_accountaddresstype" behavior="0" />
      <RootComponent type="1" schemaName="cttech_accountshippingmethod" behavior="0" />
      <RootComponent type="1" schemaName="cttech_approvaluser" behavior="0" />
      <RootComponent type="1" schemaName="cttech_contractboard" behavior="0" />
      <RootComponent type="1" schemaName="cttech_contractboardcontact" behavior="0" />
      <RootComponent type="1" schemaName="cttech_contractboardfulfillmentsupplier" behavior="0" />
      <RootComponent type="1" schemaName="cttech_fiscalreview" behavior="0" />
      <RootComponent type="1" schemaName="cttech_fulfillmentsupplier" behavior="0" />
      <RootComponent type="1" schemaName="cttech_grantfunding" behavior="0" />
      <RootComponent type="1" schemaName="cttech_internalpurchaserequisition" behavior="0" />
      <RootComponent type="1" schemaName="cttech_internalpurchaserequisitionactivitylog" behavior="0" />
      <RootComponent type="1" schemaName="cttech_internalpurchaserequisitionlineitem" behavior="0" />
      <RootComponent type="1" schemaName="cttech_internalpurchaserequisitionof95" behavior="0" />
      <RootComponent type="1" schemaName="cttech_locationstate" behavior="0" />
      <RootComponent type="1" schemaName="cttech_of95approvaluser" behavior="0" />
      <RootComponent type="1" schemaName="cttech_purchaserequisitionapproval" behavior="0" />
      <RootComponent type="1" schemaName="cttech_sitelocation" behavior="0" />
      <RootComponent type="1" schemaName="cttech_vendors" behavior="0" />
      <RootComponent type="1" schemaName="msdyn_flow_actionapprovalmodel" behavior="0" />
      <RootComponent type="1" schemaName="msdyn_flow_approvalrequest" behavior="0" />
      <RootComponent type="1" schemaName="msdyn_flow_approvalresponse" behavior="0" />
      <RootComponent type="1" schemaName="msdyn_flow_approvalstep" behavior="0" />
      <RootComponent type="1" schemaName="msdyn_flow_awaitallactionapprovalmodel" behavior="0" />
      <RootComponent type="1" schemaName="msdyn_flow_awaitallapprovalmodel" behavior="0" />
      <RootComponent type="1" schemaName="msdyn_flow_basicapprovalmodel" behavior="0" />
      <RootComponent type="1" schemaName="msdyn_flow_flowapproval" behavior="0" />
      <RootComponent type="1" schemaName="systemuser" behavior="0" />
      <RootComponent type="1" schemaName="transactioncurrency" behavior="1" />
      <RootComponent type="9" schemaName="cttech_approvaldecisionuserstatus" behavior="0" />
      <RootComponent type="9" schemaName="cttech_contractdba" behavior="0" />
      <RootComponent type="9" schemaName="cttech_descriptiontypeofpurchase" behavior="0" />
      <RootComponent type="9" schemaName="cttech_fund" behavior="0" />
      <RootComponent type="9" schemaName="cttech_gl71" behavior="0" />
      <RootComponent type="9" schemaName="cttech_grantfunding" behavior="0" />
      <RootComponent type="9" schemaName="cttech_of95statusreason" behavior="0" />
      <RootComponent type="9" schemaName="cttech_purchaserequisitiontype" behavior="0" />
      <RootComponent type="9" schemaName="cttech_quantityamount" behavior="0" />
      <RootComponent type="9" schemaName="cttech_sid" behavior="0" />
      <RootComponent type="9" schemaName="cttech_unitamount" behavior="0" />
      <RootComponent type="9" schemaName="cttech_whatisthefundingsource" behavior="0" />
      <RootComponent type="29" id="{1ecae7dc-4fbd-ef11-b8e9-6045bd002397}" behavior="0" />
      <RootComponent type="29" id="{2a60b6de-ba80-ef11-ac21-6045bd061320}" behavior="0" />
      <RootComponent type="29" id="{3ada7023-e0ea-ee11-a204-00224804917e}" behavior="0" />
      <RootComponent type="29" id="{81216820-41ec-ee11-a204-0022480495d7}" behavior="0" />
      <RootComponent type="29" id="{97e359e6-01df-ef11-a730-6045bd003dbc}" behavior="0" />
      <RootComponent type="29" id="{c7fd56b2-a1e7-ee11-904c-000d3a361c7f}" behavior="0" />
      <RootComponent type="29" id="{d036abae-41da-ee11-904d-00224804912f}" behavior="0" />
      <RootComponent type="29" id="{dd1cb9da-bfde-ef11-a730-00224802ac0b}" behavior="0" />
      <RootComponent type="60" id="{00510159-73e8-ee11-904d-0022480495d7}" />
      <RootComponent type="61" schemaName="cr907_calculateFieldAggregate" behavior="0" />
      <RootComponent type="61" schemaName="cr907_forceSave" behavior="0" />
      <RootComponent type="61" schemaName="cr907_ipr" behavior="0" />
      <RootComponent type="61" schemaName="cr907_TableJavaScriptTotalFunction" behavior="0" />
      <RootComponent type="62" schemaName="cttech_InternalPurchaseRequisitionFormsV" behavior="0" />
      <RootComponent type="80" schemaName="cttech_InternalPurchaseRequisitionFormsV" behavior="0" />
    </RootComponents>
    <MissingDependencies>
      <MissingDependency>
        <Required type="1" schemaName="adx_invitation" displayName="Invitation" solution="PowerPages_RuntimeCore (1.0.2407.1)">
          <package appName="Power Pages Core Package" version="1.0.2501.138">PowerPages_Core (1.0.2501.138)</package>
        </Required>
        <Dependent type="1" schemaName="account" displayName="Account" />
      </MissingDependency>
      <MissingDependency>
        <Required type="1" schemaName="adx_webformsession" displayName="Multistep Form Session" solution="PowerPages_RuntimeCore (1.0.2407.1)">
          <package appName="Power Pages Core Package" version="1.0.2501.138">PowerPages_Core (1.0.2501.138)</package>
        </Required>
        <Dependent type="1" schemaName="systemuser" displayName="User" />
      </MissingDependency>
      <MissingDependency>
        <Required type="1" schemaName="appusersetting" displayName="Model-Driven App User Setting" solution="AppModule (9.2.2501.2501071)">
          <package appName="AppModule" version="9.2.2501.2501071">AppModuleSolutionAnchor (9.2.2501.2501071)</package>
        </Required>
        <Dependent type="1" schemaName="systemuser" displayName="User" />
      </MissingDependency>
      <MissingDependency>
        <Required type="1" schemaName="bot" displayName="Copilot" solution="PowerVirtualAgents (2025.1.1.16407410)">
          <package appName="CCI Bots" version="2025.1.1.16407410">msdynce_CustomerCareIntelligenceBots_Anchor (2025.1.1.16407410)</package>
        </Required>
        <Dependent type="1" schemaName="systemuser" displayName="User" />
      </MissingDependency>
      <MissingDependency>
        <Required type="1" schemaName="componentversion" displayName="Component Version" solution="msdyn_ComponentVersioning (9.1.0.196)">
          <package appName="Component Versioning Package" version="9.1.0.196">ComponentVersioning_Anchor (9.1.0.196)</package>
        </Required>
        <Dependent type="1" schemaName="systemuser" displayName="User" />
      </MissingDependency>
      <MissingDependency>
        <Required type="1" schemaName="msdyn_dataanalyticsworkspace" displayName="Data Analytics Workspace" solution="msdyn_DataInsightsAndAnalytics (1.2.23100.4)">
          <package appName="Dynamics 365 Customer Service Analytics" version="1.2.23100.4">msdyn_CustomerServiceAnalyticsAnchor (1.2.23100.4)</package>
        </Required>
        <Dependent type="1" schemaName="systemuser" displayName="User" />
      </MissingDependency>
      <MissingDependency>
        <Required type="1" schemaName="msdyn_flow_actionapprovalmodel" displayName="Action Approval Model" solution="msdyn_FlowApprovalsCore (2.0.7.0)">
          <package appName="msdyn_FlowApprovals" version="2.0.7.0">msdyn_FlowApprovals (2.0.7.0)</package>
        </Required>
        <Dependent type="1" schemaName="msdyn_flow_actionapprovalmodel" displayName="Action Approval Model" />
      </MissingDependency>
      <MissingDependency>
        <Required type="1" schemaName="msdyn_flow_actionapprovalmodel" displayName="Action Approval Model" solution="msdyn_FlowApprovalsCore (2.0.7.0)">
          <package appName="msdyn_FlowApprovals" version="2.0.7.0">msdyn_FlowApprovals (2.0.7.0)</package>
        </Required>
        <Dependent type="2" schemaName="createdby" displayName="Created By" parentSchemaName="msdyn_flow_actionapprovalmodel" parentDisplayName="Action Approval Model" />
      </MissingDependency>
      <MissingDependency>
        <Required type="1" schemaName="msdyn_flow_actionapprovalmodel" displayName="Action Approval Model" solution="msdyn_FlowApprovalsCore (2.0.7.0)">
          <package appName="msdyn_FlowApprovals" version="2.0.7.0">msdyn_FlowApprovals (2.0.7.0)</package>
        </Required>
        <Dependent type="2" schemaName="createdonbehalfby" displayName="Created By (Delegate)" parentSchemaName="msdyn_flow_actionapprovalmodel" parentDisplayName="Action Approval Model" />
      </MissingDependency>
      <MissingDependency>
        <Required type="1" schemaName="msdyn_flow_actionapprovalmodel" displayName="Action Approval Model" solution="msdyn_FlowApprovalsCore (2.0.7.0)">
          <package appName="msdyn_FlowApprovals" version="2.0.7.0">msdyn_FlowApprovals (2.0.7.0)</package>
        </Required>
        <Dependent type="2" schemaName="modifiedby" displayName="Modified By" parentSchemaName="msdyn_flow_actionapprovalmodel" parentDisplayName="Action Approval Model" />
      </MissingDependency>
      <MissingDependency>
        <Required type="1" schemaName="msdyn_flow_actionapprovalmodel" displayName="Action Approval Model" solution="msdyn_FlowApprovalsCore (2.0.7.0)">
          <package appName="msdyn_FlowApprovals" version="2.0.7.0">msdyn_FlowApprovals (2.0.7.0)</package>
        </Required>
        <Dependent type="2" schemaName="modifiedonbehalfby" displayName="Modified By (Delegate)" parentSchemaName="msdyn_flow_actionapprovalmodel" parentDisplayName="Action Approval Model" />
      </MissingDependency>
      <MissingDependency>
        <Required type="1" schemaName="msdyn_flow_actionapprovalmodel" displayName="Action Approval Model" solution="msdyn_FlowApprovalsCore (2.0.7.0)">
          <package appName="msdyn_FlowApprovals" version="2.0.7.0">msdyn_FlowApprovals (2.0.7.0)</package>
        </Required>
        <Dependent type="2" schemaName="ownerid" displayName="Owner" parentSchemaName="msdyn_flow_actionapprovalmodel" parentDisplayName="Action Approval Model" />
      </MissingDependency>
      <MissingDependency>
        <Required type="1" schemaName="msdyn_flow_actionapprovalmodel" displayName="Action Approval Model" solution="msdyn_FlowApprovalsCore (2.0.7.0)">
          <package appName="msdyn_FlowApprovals" version="2.0.7.0">msdyn_FlowApprovals (2.0.7.0)</package>
        </Required>
        <Dependent type="2" schemaName="owningbusinessunit" displayName="Owning Business Unit" parentSchemaName="msdyn_flow_actionapprovalmodel" parentDisplayName="Action Approval Model" />
      </MissingDependency>
      <MissingDependency>
        <Required type="1" schemaName="msdyn_flow_actionapprovalmodel" displayName="Action Approval Model" solution="msdyn_FlowApprovalsCore (2.0.7.0)">
          <package appName="msdyn_FlowApprovals" version="2.0.7.0">msdyn_FlowApprovals (2.0.7.0)</package>
        </Required>
        <Dependent type="2" schemaName="owningteam" displayName="Owning Team" parentSchemaName="msdyn_flow_actionapprovalmodel" parentDisplayName="Action Approval Model" />
      </MissingDependency>
      <MissingDependency>
        <Required type="1" schemaName="msdyn_flow_actionapprovalmodel" displayName="Action Approval Model" solution="msdyn_FlowApprovalsCore (2.0.7.0)">
          <package appName="msdyn_FlowApprovals" version="2.0.7.0">msdyn_FlowApprovals (2.0.7.0)</package>
        </Required>
        <Dependent type="2" schemaName="owninguser" displayName="Owning User" parentSchemaName="msdyn_flow_actionapprovalmodel" parentDisplayName="Action Approval Model" />
      </MissingDependency>
      <MissingDependency>
        <Required type="1" schemaName="msdyn_flow_actionapprovalmodel" displayName="Action Approval Model" solution="msdyn_FlowApprovalsCore (2.0.7.0)">
          <package appName="msdyn_FlowApprovals" version="2.0.7.0">msdyn_FlowApprovals (2.0.7.0)</package>
        </Required>
        <Dependent type="2" schemaName="versionnumber" displayName="Version Number" parentSchemaName="msdyn_flow_actionapprovalmodel" parentDisplayName="Action Approval Model" />
      </MissingDependency>
      <MissingDependency>
        <Required type="1" schemaName="msdyn_flow_approval" displayName="Approval" solution="msdyn_FlowApprovalsCore (2.0.7.0)">
          <package appName="msdyn_FlowApprovals" version="2.0.7.0">msdyn_FlowApprovals (2.0.7.0)</package>
        </Required>
        <Dependent type="1" schemaName="msdyn_flow_basicapprovalmodel" displayName="Basic Approval Model Data" />
      </MissingDependency>
      <MissingDependency>
        <Required type="1" schemaName="msdyn_flow_approvalrequest" displayName="Approval Request" solution="msdyn_FlowApprovalsCore (2.0.7.0)">
          <package appName="msdyn_FlowApprovals" version="2.0.7.0">msdyn_FlowApprovals (2.0.7.0)</package>
        </Required>
        <Dependent type="1" schemaName="msdyn_flow_approvalrequest" displayName="Approval Request" />
      </MissingDependency>
      <MissingDependency>
        <Required type="1" schemaName="msdyn_flow_approvalrequest" displayName="Approval Request" solution="msdyn_FlowApprovalsCore (2.0.7.0)">
          <package appName="msdyn_FlowApprovals" version="2.0.7.0">msdyn_FlowApprovals (2.0.7.0)</package>
        </Required>
        <Dependent type="2" schemaName="createdby" displayName="Created By" parentSchemaName="msdyn_flow_approvalrequest" parentDisplayName="Approval Request" />
      </MissingDependency>
      <MissingDependency>
        <Required type="1" schemaName="msdyn_flow_approvalrequest" displayName="Approval Request" solution="msdyn_FlowApprovalsCore (2.0.7.0)">
          <package appName="msdyn_FlowApprovals" version="2.0.7.0">msdyn_FlowApprovals (2.0.7.0)</package>
        </Required>
        <Dependent type="2" schemaName="createdonbehalfby" displayName="Created By (Delegate)" parentSchemaName="msdyn_flow_approvalrequest" parentDisplayName="Approval Request" />
      </MissingDependency>
      <MissingDependency>
        <Required type="1" schemaName="msdyn_flow_approvalrequest" displayName="Approval Request" solution="msdyn_FlowApprovalsCore (2.0.7.0)">
          <package appName="msdyn_FlowApprovals" version="2.0.7.0">msdyn_FlowApprovals (2.0.7.0)</package>
        </Required>
        <Dependent type="2" schemaName="modifiedby" displayName="Modified By" parentSchemaName="msdyn_flow_approvalrequest" parentDisplayName="Approval Request" />
      </MissingDependency>
      <MissingDependency>
        <Required type="1" schemaName="msdyn_flow_approvalrequest" displayName="Approval Request" solution="msdyn_FlowApprovalsCore (2.0.7.0)">
          <package appName="msdyn_FlowApprovals" version="2.0.7.0">msdyn_FlowApprovals (2.0.7.0)</package>
        </Required>
        <Dependent type="2" schemaName="modifiedonbehalfby" displayName="Modified By (Delegate)" parentSchemaName="msdyn_flow_approvalrequest" parentDisplayName="Approval Request" />
      </MissingDependency>
      <MissingDependency>
        <Required type="1" schemaName="msdyn_flow_approvalrequest" displayName="Approval Request" solution="msdyn_FlowApprovalsCore (2.0.7.0)">
          <package appName="msdyn_FlowApprovals" version="2.0.7.0">msdyn_FlowApprovals (2.0.7.0)</package>
        </Required>
        <Dependent type="2" schemaName="ownerid" displayName="Owner" parentSchemaName="msdyn_flow_approvalrequest" parentDisplayName="Approval Request" />
      </MissingDependency>
      <MissingDependency>
        <Required type="1" schemaName="msdyn_flow_approvalrequest" displayName="Approval Request" solution="msdyn_FlowApprovalsCore (2.0.7.0)">
          <package appName="msdyn_FlowApprovals" version="2.0.7.0">msdyn_FlowApprovals (2.0.7.0)</package>
        </Required>
        <Dependent type="2" schemaName="owningbusinessunit" displayName="Owning Business Unit" parentSchemaName="msdyn_flow_approvalrequest" parentDisplayName="Approval Request" />
      </MissingDependency>
      <MissingDependency>
        <Required type="1" schemaName="msdyn_flow_approvalrequest" displayName="Approval Request" solution="msdyn_FlowApprovalsCore (2.0.7.0)">
          <package appName="msdyn_FlowApprovals" version="2.0.7.0">msdyn_FlowApprovals (2.0.7.0)</package>
        </Required>
        <Dependent type="2" schemaName="owningteam" displayName="Owning Team" parentSchemaName="msdyn_flow_approvalrequest" parentDisplayName="Approval Request" />
      </MissingDependency>
      <MissingDependency>
        <Required type="1" schemaName="msdyn_flow_approvalrequest" displayName="Approval Request" solution="msdyn_FlowApprovalsCore (2.0.7.0)">
          <package appName="msdyn_FlowApprovals" version="2.0.7.0">msdyn_FlowApprovals (2.0.7.0)</package>
        </Required>
        <Dependent type="2" schemaName="owninguser" displayName="Owning User" parentSchemaName="msdyn_flow_approvalrequest" parentDisplayName="Approval Request" />
      </MissingDependency>
      <MissingDependency>
        <Required type="1" schemaName="msdyn_flow_approvalrequest" displayName="Approval Request" solution="msdyn_FlowApprovalsCore (2.0.7.0)">
          <package appName="msdyn_FlowApprovals" version="2.0.7.0">msdyn_FlowApprovals (2.0.7.0)</package>
        </Required>
        <Dependent type="2" schemaName="versionnumber" displayName="Version Number" parentSchemaName="msdyn_flow_approvalrequest" parentDisplayName="Approval Request" />
      </MissingDependency>
      <MissingDependency>
        <Required type="1" schemaName="msdyn_flow_approvalresponse" displayName="Approval Response" solution="msdyn_FlowApprovalsCore (2.0.7.0)">
          <package appName="msdyn_FlowApprovals" version="2.0.7.0">msdyn_FlowApprovals (2.0.7.0)</package>
        </Required>
        <Dependent type="1" schemaName="msdyn_flow_approvalresponse" displayName="Approval Response" />
      </MissingDependency>
      <MissingDependency>
        <Required type="1" schemaName="msdyn_flow_approvalresponse" displayName="Approval Response" solution="msdyn_FlowApprovalsCore (2.0.7.0)">
          <package appName="msdyn_FlowApprovals" version="2.0.7.0">msdyn_FlowApprovals (2.0.7.0)</package>
        </Required>
        <Dependent type="2" schemaName="createdby" displayName="Created By" parentSchemaName="msdyn_flow_approvalresponse" parentDisplayName="Approval Response" />
      </MissingDependency>
      <MissingDependency>
        <Required type="1" schemaName="msdyn_flow_approvalresponse" displayName="Approval Response" solution="msdyn_FlowApprovalsCore (2.0.7.0)">
          <package appName="msdyn_FlowApprovals" version="2.0.7.0">msdyn_FlowApprovals (2.0.7.0)</package>
        </Required>
        <Dependent type="2" schemaName="createdonbehalfby" displayName="Created By (Delegate)" parentSchemaName="msdyn_flow_approvalresponse" parentDisplayName="Approval Response" />
      </MissingDependency>
      <MissingDependency>
        <Required type="1" schemaName="msdyn_flow_approvalresponse" displayName="Approval Response" solution="msdyn_FlowApprovalsCore (2.0.7.0)">
          <package appName="msdyn_FlowApprovals" version="2.0.7.0">msdyn_FlowApprovals (2.0.7.0)</package>
        </Required>
        <Dependent type="2" schemaName="modifiedby" displayName="Modified By" parentSchemaName="msdyn_flow_approvalresponse" parentDisplayName="Approval Response" />
      </MissingDependency>
      <MissingDependency>
        <Required type="1" schemaName="msdyn_flow_approvalresponse" displayName="Approval Response" solution="msdyn_FlowApprovalsCore (2.0.7.0)">
          <package appName="msdyn_FlowApprovals" version="2.0.7.0">msdyn_FlowApprovals (2.0.7.0)</package>
        </Required>
        <Dependent type="2" schemaName="modifiedonbehalfby" displayName="Modified By (Delegate)" parentSchemaName="msdyn_flow_approvalresponse" parentDisplayName="Approval Response" />
      </MissingDependency>
      <MissingDependency>
        <Required type="1" schemaName="msdyn_flow_approvalresponse" displayName="Approval Response" solution="msdyn_FlowApprovalsCore (2.0.7.0)">
          <package appName="msdyn_FlowApprovals" version="2.0.7.0">msdyn_FlowApprovals (2.0.7.0)</package>
        </Required>
        <Dependent type="2" schemaName="ownerid" displayName="Owner" parentSchemaName="msdyn_flow_approvalresponse" parentDisplayName="Approval Response" />
      </MissingDependency>
      <MissingDependency>
        <Required type="1" schemaName="msdyn_flow_approvalresponse" displayName="Approval Response" solution="msdyn_FlowApprovalsCore (2.0.7.0)">
          <package appName="msdyn_FlowApprovals" version="2.0.7.0">msdyn_FlowApprovals (2.0.7.0)</package>
        </Required>
        <Dependent type="2" schemaName="owningbusinessunit" displayName="Owning Business Unit" parentSchemaName="msdyn_flow_approvalresponse" parentDisplayName="Approval Response" />
      </MissingDependency>
      <MissingDependency>
        <Required type="1" schemaName="msdyn_flow_approvalresponse" displayName="Approval Response" solution="msdyn_FlowApprovalsCore (2.0.7.0)">
          <package appName="msdyn_FlowApprovals" version="2.0.7.0">msdyn_FlowApprovals (2.0.7.0)</package>
        </Required>
        <Dependent type="2" schemaName="owningteam" displayName="Owning Team" parentSchemaName="msdyn_flow_approvalresponse" parentDisplayName="Approval Response" />
      </MissingDependency>
      <MissingDependency>
        <Required type="1" schemaName="msdyn_flow_approvalresponse" displayName="Approval Response" solution="msdyn_FlowApprovalsCore (2.0.7.0)">
          <package appName="msdyn_FlowApprovals" version="2.0.7.0">msdyn_FlowApprovals (2.0.7.0)</package>
        </Required>
        <Dependent type="2" schemaName="owninguser" displayName="Owning User" parentSchemaName="msdyn_flow_approvalresponse" parentDisplayName="Approval Response" />
      </MissingDependency>
      <MissingDependency>
        <Required type="1" schemaName="msdyn_flow_approvalresponse" displayName="Approval Response" solution="msdyn_FlowApprovalsCore (2.0.7.0)">
          <package appName="msdyn_FlowApprovals" version="2.0.7.0">msdyn_FlowApprovals (2.0.7.0)</package>
        </Required>
        <Dependent type="2" schemaName="versionnumber" displayName="Version Number" parentSchemaName="msdyn_flow_approvalresponse" parentDisplayName="Approval Response" />
      </MissingDependency>
      <MissingDependency>
        <Required type="1" schemaName="msdyn_flow_approvalstep" displayName="Approval Step" solution="msdyn_FlowApprovalsCore (2.0.7.0)">
          <package appName="msdyn_FlowApprovals" version="2.0.7.0">msdyn_FlowApprovals (2.0.7.0)</package>
        </Required>
        <Dependent type="1" schemaName="msdyn_flow_approvalstep" displayName="Approval Step" />
      </MissingDependency>
      <MissingDependency>
        <Required type="1" schemaName="msdyn_flow_approvalstep" displayName="Approval Step" solution="msdyn_FlowApprovalsCore (2.0.7.0)">
          <package appName="msdyn_FlowApprovals" version="2.0.7.0">msdyn_FlowApprovals (2.0.7.0)</package>
        </Required>
        <Dependent type="2" schemaName="createdby" displayName="Created By" parentSchemaName="msdyn_flow_approvalstep" parentDisplayName="Approval Step" />
      </MissingDependency>
      <MissingDependency>
        <Required type="1" schemaName="msdyn_flow_approvalstep" displayName="Approval Step" solution="msdyn_FlowApprovalsCore (2.0.7.0)">
          <package appName="msdyn_FlowApprovals" version="2.0.7.0">msdyn_FlowApprovals (2.0.7.0)</package>
        </Required>
        <Dependent type="2" schemaName="createdonbehalfby" displayName="Created By (Delegate)" parentSchemaName="msdyn_flow_approvalstep" parentDisplayName="Approval Step" />
      </MissingDependency>
      <MissingDependency>
        <Required type="1" schemaName="msdyn_flow_approvalstep" displayName="Approval Step" solution="msdyn_FlowApprovalsCore (2.0.7.0)">
          <package appName="msdyn_FlowApprovals" version="2.0.7.0">msdyn_FlowApprovals (2.0.7.0)</package>
        </Required>
        <Dependent type="2" schemaName="modifiedby" displayName="Modified By" parentSchemaName="msdyn_flow_approvalstep" parentDisplayName="Approval Step" />
      </MissingDependency>
      <MissingDependency>
        <Required type="1" schemaName="msdyn_flow_approvalstep" displayName="Approval Step" solution="msdyn_FlowApprovalsCore (2.0.7.0)">
          <package appName="msdyn_FlowApprovals" version="2.0.7.0">msdyn_FlowApprovals (2.0.7.0)</package>
        </Required>
        <Dependent type="2" schemaName="modifiedonbehalfby" displayName="Modified By (Delegate)" parentSchemaName="msdyn_flow_approvalstep" parentDisplayName="Approval Step" />
      </MissingDependency>
      <MissingDependency>
        <Required type="1" schemaName="msdyn_flow_approvalstep" displayName="Approval Step" solution="msdyn_FlowApprovalsCore (2.0.7.0)">
          <package appName="msdyn_FlowApprovals" version="2.0.7.0">msdyn_FlowApprovals (2.0.7.0)</package>
        </Required>
        <Dependent type="2" schemaName="ownerid" displayName="Owner" parentSchemaName="msdyn_flow_approvalstep" parentDisplayName="Approval Step" />
      </MissingDependency>
      <MissingDependency>
        <Required type="1" schemaName="msdyn_flow_approvalstep" displayName="Approval Step" solution="msdyn_FlowApprovalsCore (2.0.7.0)">
          <package appName="msdyn_FlowApprovals" version="2.0.7.0">msdyn_FlowApprovals (2.0.7.0)</package>
        </Required>
        <Dependent type="2" schemaName="owningbusinessunit" displayName="Owning Business Unit" parentSchemaName="msdyn_flow_approvalstep" parentDisplayName="Approval Step" />
      </MissingDependency>
      <MissingDependency>
        <Required type="1" schemaName="msdyn_flow_approvalstep" displayName="Approval Step" solution="msdyn_FlowApprovalsCore (2.0.7.0)">
          <package appName="msdyn_FlowApprovals" version="2.0.7.0">msdyn_FlowApprovals (2.0.7.0)</package>
        </Required>
        <Dependent type="2" schemaName="owningteam" displayName="Owning Team" parentSchemaName="msdyn_flow_approvalstep" parentDisplayName="Approval Step" />
      </MissingDependency>
      <MissingDependency>
        <Required type="1" schemaName="msdyn_flow_approvalstep" displayName="Approval Step" solution="msdyn_FlowApprovalsCore (2.0.7.0)">
          <package appName="msdyn_FlowApprovals" version="2.0.7.0">msdyn_FlowApprovals (2.0.7.0)</package>
        </Required>
        <Dependent type="2" schemaName="owninguser" displayName="Owning User" parentSchemaName="msdyn_flow_approvalstep" parentDisplayName="Approval Step" />
      </MissingDependency>
      <MissingDependency>
        <Required type="1" schemaName="msdyn_flow_approvalstep" displayName="Approval Step" solution="msdyn_FlowApprovalsCore (2.0.7.0)">
          <package appName="msdyn_FlowApprovals" version="2.0.7.0">msdyn_FlowApprovals (2.0.7.0)</package>
        </Required>
        <Dependent type="2" schemaName="versionnumber" displayName="Version Number" parentSchemaName="msdyn_flow_approvalstep" parentDisplayName="Approval Step" />
      </MissingDependency>
      <MissingDependency>
        <Required type="1" schemaName="msdyn_flow_awaitallactionapprovalmodel" displayName="Await All Action Approval Model" solution="msdyn_FlowApprovalsCore (2.0.7.0)">
          <package appName="msdyn_FlowApprovals" version="2.0.7.0">msdyn_FlowApprovals (2.0.7.0)</package>
        </Required>
        <Dependent type="1" schemaName="msdyn_flow_awaitallactionapprovalmodel" displayName="Await All Action Approval Model" />
      </MissingDependency>
      <MissingDependency>
        <Required type="1" schemaName="msdyn_flow_awaitallactionapprovalmodel" displayName="Await All Action Approval Model" solution="msdyn_FlowApprovalsCore (2.0.7.0)">
          <package appName="msdyn_FlowApprovals" version="2.0.7.0">msdyn_FlowApprovals (2.0.7.0)</package>
        </Required>
        <Dependent type="2" schemaName="createdby" displayName="Created By" parentSchemaName="msdyn_flow_awaitallactionapprovalmodel" parentDisplayName="Await All Action Approval Model" />
      </MissingDependency>
      <MissingDependency>
        <Required type="1" schemaName="msdyn_flow_awaitallactionapprovalmodel" displayName="Await All Action Approval Model" solution="msdyn_FlowApprovalsCore (2.0.7.0)">
          <package appName="msdyn_FlowApprovals" version="2.0.7.0">msdyn_FlowApprovals (2.0.7.0)</package>
        </Required>
        <Dependent type="2" schemaName="createdonbehalfby" displayName="Created By (Delegate)" parentSchemaName="msdyn_flow_awaitallactionapprovalmodel" parentDisplayName="Await All Action Approval Model" />
      </MissingDependency>
      <MissingDependency>
        <Required type="1" schemaName="msdyn_flow_awaitallactionapprovalmodel" displayName="Await All Action Approval Model" solution="msdyn_FlowApprovalsCore (2.0.7.0)">
          <package appName="msdyn_FlowApprovals" version="2.0.7.0">msdyn_FlowApprovals (2.0.7.0)</package>
        </Required>
        <Dependent type="2" schemaName="modifiedby" displayName="Modified By" parentSchemaName="msdyn_flow_awaitallactionapprovalmodel" parentDisplayName="Await All Action Approval Model" />
      </MissingDependency>
      <MissingDependency>
        <Required type="1" schemaName="msdyn_flow_awaitallactionapprovalmodel" displayName="Await All Action Approval Model" solution="msdyn_FlowApprovalsCore (2.0.7.0)">
          <package appName="msdyn_FlowApprovals" version="2.0.7.0">msdyn_FlowApprovals (2.0.7.0)</package>
        </Required>
        <Dependent type="2" schemaName="modifiedonbehalfby" displayName="Modified By (Delegate)" parentSchemaName="msdyn_flow_awaitallactionapprovalmodel" parentDisplayName="Await All Action Approval Model" />
      </MissingDependency>
      <MissingDependency>
        <Required type="1" schemaName="msdyn_flow_awaitallactionapprovalmodel" displayName="Await All Action Approval Model" solution="msdyn_FlowApprovalsCore (2.0.7.0)">
          <package appName="msdyn_FlowApprovals" version="2.0.7.0">msdyn_FlowApprovals (2.0.7.0)</package>
        </Required>
        <Dependent type="2" schemaName="ownerid" displayName="Owner" parentSchemaName="msdyn_flow_awaitallactionapprovalmodel" parentDisplayName="Await All Action Approval Model" />
      </MissingDependency>
      <MissingDependency>
        <Required type="1" schemaName="msdyn_flow_awaitallactionapprovalmodel" displayName="Await All Action Approval Model" solution="msdyn_FlowApprovalsCore (2.0.7.0)">
          <package appName="msdyn_FlowApprovals" version="2.0.7.0">msdyn_FlowApprovals (2.0.7.0)</package>
        </Required>
        <Dependent type="2" schemaName="owningbusinessunit" displayName="Owning Business Unit" parentSchemaName="msdyn_flow_awaitallactionapprovalmodel" parentDisplayName="Await All Action Approval Model" />
      </MissingDependency>
      <MissingDependency>
        <Required type="1" schemaName="msdyn_flow_awaitallactionapprovalmodel" displayName="Await All Action Approval Model" solution="msdyn_FlowApprovalsCore (2.0.7.0)">
          <package appName="msdyn_FlowApprovals" version="2.0.7.0">msdyn_FlowApprovals (2.0.7.0)</package>
        </Required>
        <Dependent type="2" schemaName="owningteam" displayName="Owning Team" parentSchemaName="msdyn_flow_awaitallactionapprovalmodel" parentDisplayName="Await All Action Approval Model" />
      </MissingDependency>
      <MissingDependency>
        <Required type="1" schemaName="msdyn_flow_awaitallactionapprovalmodel" displayName="Await All Action Approval Model" solution="msdyn_FlowApprovalsCore (2.0.7.0)">
          <package appName="msdyn_FlowApprovals" version="2.0.7.0">msdyn_FlowApprovals (2.0.7.0)</package>
        </Required>
        <Dependent type="2" schemaName="owninguser" displayName="Owning User" parentSchemaName="msdyn_flow_awaitallactionapprovalmodel" parentDisplayName="Await All Action Approval Model" />
      </MissingDependency>
      <MissingDependency>
        <Required type="1" schemaName="msdyn_flow_awaitallactionapprovalmodel" displayName="Await All Action Approval Model" solution="msdyn_FlowApprovalsCore (2.0.7.0)">
          <package appName="msdyn_FlowApprovals" version="2.0.7.0">msdyn_FlowApprovals (2.0.7.0)</package>
        </Required>
        <Dependent type="2" schemaName="versionnumber" displayName="Version Number" parentSchemaName="msdyn_flow_awaitallactionapprovalmodel" parentDisplayName="Await All Action Approval Model" />
      </MissingDependency>
      <MissingDependency>
        <Required type="1" schemaName="msdyn_flow_awaitallapprovalmodel" displayName="Await All Approval Model" solution="msdyn_FlowApprovalsCore (2.0.7.0)">
          <package appName="msdyn_FlowApprovals" version="2.0.7.0">msdyn_FlowApprovals (2.0.7.0)</package>
        </Required>
        <Dependent type="1" schemaName="msdyn_flow_awaitallapprovalmodel" displayName="Await All Approval Model" />
      </MissingDependency>
      <MissingDependency>
        <Required type="1" schemaName="msdyn_flow_awaitallapprovalmodel" displayName="Await All Approval Model" solution="msdyn_FlowApprovalsCore (2.0.7.0)">
          <package appName="msdyn_FlowApprovals" version="2.0.7.0">msdyn_FlowApprovals (2.0.7.0)</package>
        </Required>
        <Dependent type="2" schemaName="createdby" displayName="Created By" parentSchemaName="msdyn_flow_awaitallapprovalmodel" parentDisplayName="Await All Approval Model" />
      </MissingDependency>
      <MissingDependency>
        <Required type="1" schemaName="msdyn_flow_awaitallapprovalmodel" displayName="Await All Approval Model" solution="msdyn_FlowApprovalsCore (2.0.7.0)">
          <package appName="msdyn_FlowApprovals" version="2.0.7.0">msdyn_FlowApprovals (2.0.7.0)</package>
        </Required>
        <Dependent type="2" schemaName="createdonbehalfby" displayName="Created By (Delegate)" parentSchemaName="msdyn_flow_awaitallapprovalmodel" parentDisplayName="Await All Approval Model" />
      </MissingDependency>
      <MissingDependency>
        <Required type="1" schemaName="msdyn_flow_awaitallapprovalmodel" displayName="Await All Approval Model" solution="msdyn_FlowApprovalsCore (2.0.7.0)">
          <package appName="msdyn_FlowApprovals" version="2.0.7.0">msdyn_FlowApprovals (2.0.7.0)</package>
        </Required>
        <Dependent type="2" schemaName="modifiedby" displayName="Modified By" parentSchemaName="msdyn_flow_awaitallapprovalmodel" parentDisplayName="Await All Approval Model" />
      </MissingDependency>
      <MissingDependency>
        <Required type="1" schemaName="msdyn_flow_awaitallapprovalmodel" displayName="Await All Approval Model" solution="msdyn_FlowApprovalsCore (2.0.7.0)">
          <package appName="msdyn_FlowApprovals" version="2.0.7.0">msdyn_FlowApprovals (2.0.7.0)</package>
        </Required>
        <Dependent type="2" schemaName="modifiedonbehalfby" displayName="Modified By (Delegate)" parentSchemaName="msdyn_flow_awaitallapprovalmodel" parentDisplayName="Await All Approval Model" />
      </MissingDependency>
      <MissingDependency>
        <Required type="1" schemaName="msdyn_flow_awaitallapprovalmodel" displayName="Await All Approval Model" solution="msdyn_FlowApprovalsCore (2.0.7.0)">
          <package appName="msdyn_FlowApprovals" version="2.0.7.0">msdyn_FlowApprovals (2.0.7.0)</package>
        </Required>
        <Dependent type="2" schemaName="ownerid" displayName="Owner" parentSchemaName="msdyn_flow_awaitallapprovalmodel" parentDisplayName="Await All Approval Model" />
      </MissingDependency>
      <MissingDependency>
        <Required type="1" schemaName="msdyn_flow_awaitallapprovalmodel" displayName="Await All Approval Model" solution="msdyn_FlowApprovalsCore (2.0.7.0)">
          <package appName="msdyn_FlowApprovals" version="2.0.7.0">msdyn_FlowApprovals (2.0.7.0)</package>
        </Required>
        <Dependent type="2" schemaName="owningbusinessunit" displayName="Owning Business Unit" parentSchemaName="msdyn_flow_awaitallapprovalmodel" parentDisplayName="Await All Approval Model" />
      </MissingDependency>
      <MissingDependency>
        <Required type="1" schemaName="msdyn_flow_awaitallapprovalmodel" displayName="Await All Approval Model" solution="msdyn_FlowApprovalsCore (2.0.7.0)">
          <package appName="msdyn_FlowApprovals" version="2.0.7.0">msdyn_FlowApprovals (2.0.7.0)</package>
        </Required>
        <Dependent type="2" schemaName="owningteam" displayName="Owning Team" parentSchemaName="msdyn_flow_awaitallapprovalmodel" parentDisplayName="Await All Approval Model" />
      </MissingDependency>
      <MissingDependency>
        <Required type="1" schemaName="msdyn_flow_awaitallapprovalmodel" displayName="Await All Approval Model" solution="msdyn_FlowApprovalsCore (2.0.7.0)">
          <package appName="msdyn_FlowApprovals" version="2.0.7.0">msdyn_FlowApprovals (2.0.7.0)</package>
        </Required>
        <Dependent type="2" schemaName="owninguser" displayName="Owning User" parentSchemaName="msdyn_flow_awaitallapprovalmodel" parentDisplayName="Await All Approval Model" />
      </MissingDependency>
      <MissingDependency>
        <Required type="1" schemaName="msdyn_flow_awaitallapprovalmodel" displayName="Await All Approval Model" solution="msdyn_FlowApprovalsCore (2.0.7.0)">
          <package appName="msdyn_FlowApprovals" version="2.0.7.0">msdyn_FlowApprovals (2.0.7.0)</package>
        </Required>
        <Dependent type="2" schemaName="versionnumber" displayName="Version Number" parentSchemaName="msdyn_flow_awaitallapprovalmodel" parentDisplayName="Await All Approval Model" />
      </MissingDependency>
      <MissingDependency>
        <Required type="1" schemaName="msdyn_flow_basicapprovalmodel" displayName="Basic Approval Model Data" solution="msdyn_FlowApprovalsCore (2.0.7.0)">
          <package appName="msdyn_FlowApprovals" version="2.0.7.0">msdyn_FlowApprovals (2.0.7.0)</package>
        </Required>
        <Dependent type="1" schemaName="msdyn_flow_basicapprovalmodel" displayName="Basic Approval Model Data" />
      </MissingDependency>
      <MissingDependency>
        <Required type="1" schemaName="msdyn_flow_basicapprovalmodel" displayName="Basic Approval Model Data" solution="msdyn_FlowApprovalsCore (2.0.7.0)">
          <package appName="msdyn_FlowApprovals" version="2.0.7.0">msdyn_FlowApprovals (2.0.7.0)</package>
        </Required>
        <Dependent type="2" schemaName="createdby" displayName="Created By" parentSchemaName="msdyn_flow_basicapprovalmodel" parentDisplayName="Basic Approval Model Data" />
      </MissingDependency>
      <MissingDependency>
        <Required type="1" schemaName="msdyn_flow_basicapprovalmodel" displayName="Basic Approval Model Data" solution="msdyn_FlowApprovalsCore (2.0.7.0)">
          <package appName="msdyn_FlowApprovals" version="2.0.7.0">msdyn_FlowApprovals (2.0.7.0)</package>
        </Required>
        <Dependent type="2" schemaName="createdonbehalfby" displayName="Created By (Delegate)" parentSchemaName="msdyn_flow_basicapprovalmodel" parentDisplayName="Basic Approval Model Data" />
      </MissingDependency>
      <MissingDependency>
        <Required type="1" schemaName="msdyn_flow_basicapprovalmodel" displayName="Basic Approval Model Data" solution="msdyn_FlowApprovalsCore (2.0.7.0)">
          <package appName="msdyn_FlowApprovals" version="2.0.7.0">msdyn_FlowApprovals (2.0.7.0)</package>
        </Required>
        <Dependent type="2" schemaName="modifiedby" displayName="Modified By" parentSchemaName="msdyn_flow_basicapprovalmodel" parentDisplayName="Basic Approval Model Data" />
      </MissingDependency>
      <MissingDependency>
        <Required type="1" schemaName="msdyn_flow_basicapprovalmodel" displayName="Basic Approval Model Data" solution="msdyn_FlowApprovalsCore (2.0.7.0)">
          <package appName="msdyn_FlowApprovals" version="2.0.7.0">msdyn_FlowApprovals (2.0.7.0)</package>
        </Required>
        <Dependent type="2" schemaName="modifiedonbehalfby" displayName="Modified By (Delegate)" parentSchemaName="msdyn_flow_basicapprovalmodel" parentDisplayName="Basic Approval Model Data" />
      </MissingDependency>
      <MissingDependency>
        <Required type="1" schemaName="msdyn_flow_basicapprovalmodel" displayName="Basic Approval Model Data" solution="msdyn_FlowApprovalsCore (2.0.7.0)">
          <package appName="msdyn_FlowApprovals" version="2.0.7.0">msdyn_FlowApprovals (2.0.7.0)</package>
        </Required>
        <Dependent type="2" schemaName="ownerid" displayName="Owner" parentSchemaName="msdyn_flow_basicapprovalmodel" parentDisplayName="Basic Approval Model Data" />
      </MissingDependency>
      <MissingDependency>
        <Required type="1" schemaName="msdyn_flow_basicapprovalmodel" displayName="Basic Approval Model Data" solution="msdyn_FlowApprovalsCore (2.0.7.0)">
          <package appName="msdyn_FlowApprovals" version="2.0.7.0">msdyn_FlowApprovals (2.0.7.0)</package>
        </Required>
        <Dependent type="2" schemaName="owningbusinessunit" displayName="Owning Business Unit" parentSchemaName="msdyn_flow_basicapprovalmodel" parentDisplayName="Basic Approval Model Data" />
      </MissingDependency>
      <MissingDependency>
        <Required type="1" schemaName="msdyn_flow_basicapprovalmodel" displayName="Basic Approval Model Data" solution="msdyn_FlowApprovalsCore (2.0.7.0)">
          <package appName="msdyn_FlowApprovals" version="2.0.7.0">msdyn_FlowApprovals (2.0.7.0)</package>
        </Required>
        <Dependent type="2" schemaName="owningteam" displayName="Owning Team" parentSchemaName="msdyn_flow_basicapprovalmodel" parentDisplayName="Basic Approval Model Data" />
      </MissingDependency>
      <MissingDependency>
        <Required type="1" schemaName="msdyn_flow_basicapprovalmodel" displayName="Basic Approval Model Data" solution="msdyn_FlowApprovalsCore (2.0.7.0)">
          <package appName="msdyn_FlowApprovals" version="2.0.7.0">msdyn_FlowApprovals (2.0.7.0)</package>
        </Required>
        <Dependent type="2" schemaName="owninguser" displayName="Owning User" parentSchemaName="msdyn_flow_basicapprovalmodel" parentDisplayName="Basic Approval Model Data" />
      </MissingDependency>
      <MissingDependency>
        <Required type="1" schemaName="msdyn_flow_basicapprovalmodel" displayName="Basic Approval Model Data" solution="msdyn_FlowApprovalsCore (2.0.7.0)">
          <package appName="msdyn_FlowApprovals" version="2.0.7.0">msdyn_FlowApprovals (2.0.7.0)</package>
        </Required>
        <Dependent type="2" schemaName="versionnumber" displayName="Version Number" parentSchemaName="msdyn_flow_basicapprovalmodel" parentDisplayName="Basic Approval Model Data" />
      </MissingDependency>
      <MissingDependency>
        <Required type="1" schemaName="msdyn_flow_flowapproval" displayName="Flow Approval" solution="msdyn_FlowApprovalsCore (2.0.7.0)">
          <package appName="msdyn_FlowApprovals" version="2.0.7.0">msdyn_FlowApprovals (2.0.7.0)</package>
        </Required>
        <Dependent type="1" schemaName="msdyn_flow_flowapproval" displayName="Flow Approval" />
      </MissingDependency>
      <MissingDependency>
        <Required type="1" schemaName="msdyn_flow_flowapproval" displayName="Flow Approval" solution="msdyn_FlowApprovalsCore (2.0.7.0)">
          <package appName="msdyn_FlowApprovals" version="2.0.7.0">msdyn_FlowApprovals (2.0.7.0)</package>
        </Required>
        <Dependent type="2" schemaName="createdby" displayName="Created By" parentSchemaName="msdyn_flow_flowapproval" parentDisplayName="Flow Approval" />
      </MissingDependency>
      <MissingDependency>
        <Required type="1" schemaName="msdyn_flow_flowapproval" displayName="Flow Approval" solution="msdyn_FlowApprovalsCore (2.0.7.0)">
          <package appName="msdyn_FlowApprovals" version="2.0.7.0">msdyn_FlowApprovals (2.0.7.0)</package>
        </Required>
        <Dependent type="2" schemaName="createdonbehalfby" displayName="Created By (Delegate)" parentSchemaName="msdyn_flow_flowapproval" parentDisplayName="Flow Approval" />
      </MissingDependency>
      <MissingDependency>
        <Required type="1" schemaName="msdyn_flow_flowapproval" displayName="Flow Approval" solution="msdyn_FlowApprovalsCore (2.0.7.0)">
          <package appName="msdyn_FlowApprovals" version="2.0.7.0">msdyn_FlowApprovals (2.0.7.0)</package>
        </Required>
        <Dependent type="2" schemaName="modifiedby" displayName="Modified By" parentSchemaName="msdyn_flow_flowapproval" parentDisplayName="Flow Approval" />
      </MissingDependency>
      <MissingDependency>
        <Required type="1" schemaName="msdyn_flow_flowapproval" displayName="Flow Approval" solution="msdyn_FlowApprovalsCore (2.0.7.0)">
          <package appName="msdyn_FlowApprovals" version="2.0.7.0">msdyn_FlowApprovals (2.0.7.0)</package>
        </Required>
        <Dependent type="2" schemaName="modifiedonbehalfby" displayName="Modified By (Delegate)" parentSchemaName="msdyn_flow_flowapproval" parentDisplayName="Flow Approval" />
      </MissingDependency>
      <MissingDependency>
        <Required type="1" schemaName="msdyn_flow_flowapproval" displayName="Flow Approval" solution="msdyn_FlowApprovalsCore (2.0.7.0)">
          <package appName="msdyn_FlowApprovals" version="2.0.7.0">msdyn_FlowApprovals (2.0.7.0)</package>
        </Required>
        <Dependent type="2" schemaName="ownerid" displayName="Owner" parentSchemaName="msdyn_flow_flowapproval" parentDisplayName="Flow Approval" />
      </MissingDependency>
      <MissingDependency>
        <Required type="1" schemaName="msdyn_flow_flowapproval" displayName="Flow Approval" solution="msdyn_FlowApprovalsCore (2.0.7.0)">
          <package appName="msdyn_FlowApprovals" version="2.0.7.0">msdyn_FlowApprovals (2.0.7.0)</package>
        </Required>
        <Dependent type="2" schemaName="owningbusinessunit" displayName="Owning Business Unit" parentSchemaName="msdyn_flow_flowapproval" parentDisplayName="Flow Approval" />
      </MissingDependency>
      <MissingDependency>
        <Required type="1" schemaName="msdyn_flow_flowapproval" displayName="Flow Approval" solution="msdyn_FlowApprovalsCore (2.0.7.0)">
          <package appName="msdyn_FlowApprovals" version="2.0.7.0">msdyn_FlowApprovals (2.0.7.0)</package>
        </Required>
        <Dependent type="2" schemaName="owningteam" displayName="Owning Team" parentSchemaName="msdyn_flow_flowapproval" parentDisplayName="Flow Approval" />
      </MissingDependency>
      <MissingDependency>
        <Required type="1" schemaName="msdyn_flow_flowapproval" displayName="Flow Approval" solution="msdyn_FlowApprovalsCore (2.0.7.0)">
          <package appName="msdyn_FlowApprovals" version="2.0.7.0">msdyn_FlowApprovals (2.0.7.0)</package>
        </Required>
        <Dependent type="2" schemaName="owninguser" displayName="Owning User" parentSchemaName="msdyn_flow_flowapproval" parentDisplayName="Flow Approval" />
      </MissingDependency>
      <MissingDependency>
        <Required type="1" schemaName="msdyn_flow_flowapproval" displayName="Flow Approval" solution="msdyn_FlowApprovalsCore (2.0.7.0)">
          <package appName="msdyn_FlowApprovals" version="2.0.7.0">msdyn_FlowApprovals (2.0.7.0)</package>
        </Required>
        <Dependent type="2" schemaName="versionnumber" displayName="Version Number" parentSchemaName="msdyn_flow_flowapproval" parentDisplayName="Flow Approval" />
      </MissingDependency>
      <MissingDependency>
        <Required type="1" schemaName="msfp_survey" displayName="Customer Voice survey" solution="MicrosoftFormsPro (2.0.0.58)">
          <package appName="Forms Pro" version="2.0.0.58">MicrosoftFormsPro (2.0.0.58)</package>
        </Required>
        <Dependent type="1" schemaName="systemuser" displayName="User" />
      </MissingDependency>
      <MissingDependency>
        <Required type="1" schemaName="mspp_adplacement" displayName="Ad Placement" solution="PowerPages_Apps (1.0.2501.3)">
          <package appName="Power Pages Core Package" version="1.0.2501.138">PowerPages_Core (1.0.2501.138)</package>
        </Required>
        <Dependent type="1" schemaName="systemuser" displayName="User" />
      </MissingDependency>
      <MissingDependency>
        <Required type="1" schemaName="mspp_columnpermission" displayName="Column Permission" solution="PowerPages_Apps (1.0.2501.3)">
          <package appName="Power Pages Core Package" version="1.0.2501.138">PowerPages_Core (1.0.2501.138)</package>
        </Required>
        <Dependent type="1" schemaName="systemuser" displayName="User" />
      </MissingDependency>
      <MissingDependency>
        <Required type="1" schemaName="mspp_columnpermissionprofile" displayName="Column Permission Profile" solution="PowerPages_Apps (1.0.2501.3)">
          <package appName="Power Pages Core Package" version="1.0.2501.138">PowerPages_Core (1.0.2501.138)</package>
        </Required>
        <Dependent type="1" schemaName="systemuser" displayName="User" />
      </MissingDependency>
      <MissingDependency>
        <Required type="1" schemaName="mspp_contentsnippet" displayName="Content Snippet" solution="PowerPages_Apps (1.0.2501.3)">
          <package appName="Power Pages Core Package" version="1.0.2501.138">PowerPages_Core (1.0.2501.138)</package>
        </Required>
        <Dependent type="1" schemaName="systemuser" displayName="User" />
      </MissingDependency>
      <MissingDependency>
        <Required type="1" schemaName="mspp_entityform" displayName="Basic Form" solution="PowerPages_Apps (1.0.2501.3)">
          <package appName="Power Pages Core Package" version="1.0.2501.138">PowerPages_Core (1.0.2501.138)</package>
        </Required>
        <Dependent type="1" schemaName="systemuser" displayName="User" />
      </MissingDependency>
      <MissingDependency>
        <Required type="1" schemaName="mspp_entityformmetadata" displayName="Basic Form Metadata" solution="PowerPages_Apps (1.0.2501.3)">
          <package appName="Power Pages Core Package" version="1.0.2501.138">PowerPages_Core (1.0.2501.138)</package>
        </Required>
        <Dependent type="1" schemaName="systemuser" displayName="User" />
      </MissingDependency>
      <MissingDependency>
        <Required type="1" schemaName="mspp_entitylist" displayName="List" solution="PowerPages_Apps (1.0.2501.3)">
          <package appName="Power Pages Core Package" version="1.0.2501.138">PowerPages_Core (1.0.2501.138)</package>
        </Required>
        <Dependent type="1" schemaName="systemuser" displayName="User" />
      </MissingDependency>
      <MissingDependency>
        <Required type="1" schemaName="mspp_entitypermission" displayName="Table Permission" solution="PowerPages_Apps (1.0.2501.3)">
          <package appName="Power Pages Core Package" version="1.0.2501.138">PowerPages_Core (1.0.2501.138)</package>
        </Required>
        <Dependent type="1" schemaName="systemuser" displayName="User" />
      </MissingDependency>
      <MissingDependency>
        <Required type="1" schemaName="mspp_pagetemplate" displayName="Page Template" solution="PowerPages_Apps (1.0.2501.3)">
          <package appName="Power Pages Core Package" version="1.0.2501.138">PowerPages_Core (1.0.2501.138)</package>
        </Required>
        <Dependent type="1" schemaName="systemuser" displayName="User" />
      </MissingDependency>
      <MissingDependency>
        <Required type="1" schemaName="mspp_pollplacement" displayName="Poll Placement" solution="PowerPages_Apps (1.0.2501.3)">
          <package appName="Power Pages Core Package" version="1.0.2501.138">PowerPages_Core (1.0.2501.138)</package>
        </Required>
        <Dependent type="1" schemaName="systemuser" displayName="User" />
      </MissingDependency>
      <MissingDependency>
        <Required type="1" schemaName="mspp_publishingstate" displayName="Publishing State" solution="PowerPages_Apps (1.0.2501.3)">
          <package appName="Power Pages Core Package" version="1.0.2501.138">PowerPages_Core (1.0.2501.138)</package>
        </Required>
        <Dependent type="1" schemaName="systemuser" displayName="User" />
      </MissingDependency>
      <MissingDependency>
        <Required type="1" schemaName="mspp_publishingstatetransitionrule" displayName="Publishing State Transition Rule" solution="PowerPages_Apps (1.0.2501.3)">
          <package appName="Power Pages Core Package" version="1.0.2501.138">PowerPages_Core (1.0.2501.138)</package>
        </Required>
        <Dependent type="1" schemaName="systemuser" displayName="User" />
      </MissingDependency>
      <MissingDependency>
        <Required type="1" schemaName="mspp_redirect" displayName="Redirect" solution="PowerPages_Apps (1.0.2501.3)">
          <package appName="Power Pages Core Package" version="1.0.2501.138">PowerPages_Core (1.0.2501.138)</package>
        </Required>
        <Dependent type="1" schemaName="systemuser" displayName="User" />
      </MissingDependency>
      <MissingDependency>
        <Required type="1" schemaName="mspp_shortcut" displayName="Shortcut" solution="PowerPages_Apps (1.0.2501.3)">
          <package appName="Power Pages Core Package" version="1.0.2501.138">PowerPages_Core (1.0.2501.138)</package>
        </Required>
        <Dependent type="1" schemaName="systemuser" displayName="User" />
      </MissingDependency>
      <MissingDependency>
        <Required type="1" schemaName="mspp_sitemarker" displayName="Site Marker" solution="PowerPages_Apps (1.0.2501.3)">
          <package appName="Power Pages Core Package" version="1.0.2501.138">PowerPages_Core (1.0.2501.138)</package>
        </Required>
        <Dependent type="1" schemaName="systemuser" displayName="User" />
      </MissingDependency>
      <MissingDependency>
        <Required type="1" schemaName="mspp_sitesetting" displayName="Site Setting" solution="PowerPages_Apps (1.0.2501.3)">
          <package appName="Power Pages Core Package" version="1.0.2501.138">PowerPages_Core (1.0.2501.138)</package>
        </Required>
        <Dependent type="1" schemaName="systemuser" displayName="User" />
      </MissingDependency>
      <MissingDependency>
        <Required type="1" schemaName="mspp_webfile" displayName="Web File" solution="PowerPages_Apps (1.0.2501.3)">
          <package appName="Power Pages Core Package" version="1.0.2501.138">PowerPages_Core (1.0.2501.138)</package>
        </Required>
        <Dependent type="1" schemaName="systemuser" displayName="User" />
      </MissingDependency>
      <MissingDependency>
        <Required type="1" schemaName="mspp_webform" displayName="Multistep Form" solution="PowerPages_Apps (1.0.2501.3)">
          <package appName="Power Pages Core Package" version="1.0.2501.138">PowerPages_Core (1.0.2501.138)</package>
        </Required>
        <Dependent type="1" schemaName="systemuser" displayName="User" />
      </MissingDependency>
      <MissingDependency>
        <Required type="1" schemaName="mspp_webformmetadata" displayName="Multistep Form Metadata" solution="PowerPages_Apps (1.0.2501.3)">
          <package appName="Power Pages Core Package" version="1.0.2501.138">PowerPages_Core (1.0.2501.138)</package>
        </Required>
        <Dependent type="1" schemaName="systemuser" displayName="User" />
      </MissingDependency>
      <MissingDependency>
        <Required type="1" schemaName="mspp_webformstep" displayName="Form Step" solution="PowerPages_Apps (1.0.2501.3)">
          <package appName="Power Pages Core Package" version="1.0.2501.138">PowerPages_Core (1.0.2501.138)</package>
        </Required>
        <Dependent type="1" schemaName="systemuser" displayName="User" />
      </MissingDependency>
      <MissingDependency>
        <Required type="1" schemaName="mspp_weblink" displayName="Web Link" solution="PowerPages_Apps (1.0.2501.3)">
          <package appName="Power Pages Core Package" version="1.0.2501.138">PowerPages_Core (1.0.2501.138)</package>
        </Required>
        <Dependent type="1" schemaName="systemuser" displayName="User" />
      </MissingDependency>
      <MissingDependency>
        <Required type="1" schemaName="mspp_weblinkset" displayName="Web Link Set" solution="PowerPages_Apps (1.0.2501.3)">
          <package appName="Power Pages Core Package" version="1.0.2501.138">PowerPages_Core (1.0.2501.138)</package>
        </Required>
        <Dependent type="1" schemaName="systemuser" displayName="User" />
      </MissingDependency>
      <MissingDependency>
        <Required type="1" schemaName="mspp_webpage" displayName="Web Page" solution="PowerPages_Apps (1.0.2501.3)">
          <package appName="Power Pages Core Package" version="1.0.2501.138">PowerPages_Core (1.0.2501.138)</package>
        </Required>
        <Dependent type="1" schemaName="systemuser" displayName="User" />
      </MissingDependency>
      <MissingDependency>
        <Required type="1" schemaName="mspp_webpageaccesscontrolrule" displayName="Web Page Access Control Rule" solution="PowerPages_Apps (1.0.2501.3)">
          <package appName="Power Pages Core Package" version="1.0.2501.138">PowerPages_Core (1.0.2501.138)</package>
        </Required>
        <Dependent type="1" schemaName="systemuser" displayName="User" />
      </MissingDependency>
      <MissingDependency>
        <Required type="1" schemaName="mspp_webrole" displayName="Web Role" solution="PowerPages_Apps (1.0.2501.3)">
          <package appName="Power Pages Core Package" version="1.0.2501.138">PowerPages_Core (1.0.2501.138)</package>
        </Required>
        <Dependent type="1" schemaName="systemuser" displayName="User" />
      </MissingDependency>
      <MissingDependency>
        <Required type="1" schemaName="mspp_website" displayName="Website" solution="PowerPages_Apps (1.0.2501.3)">
          <package appName="Power Pages Core Package" version="1.0.2501.138">PowerPages_Core (1.0.2501.138)</package>
        </Required>
        <Dependent type="1" schemaName="systemuser" displayName="User" />
      </MissingDependency>
      <MissingDependency>
        <Required type="1" schemaName="mspp_websiteaccess" displayName="Website Access" solution="PowerPages_Apps (1.0.2501.3)">
          <package appName="Power Pages Core Package" version="1.0.2501.138">PowerPages_Core (1.0.2501.138)</package>
        </Required>
        <Dependent type="1" schemaName="systemuser" displayName="User" />
      </MissingDependency>
      <MissingDependency>
        <Required type="1" schemaName="mspp_websitelanguage" displayName="Website Language" solution="PowerPages_Apps (1.0.2501.3)">
          <package appName="Power Pages Core Package" version="1.0.2501.138">PowerPages_Core (1.0.2501.138)</package>
        </Required>
        <Dependent type="1" schemaName="systemuser" displayName="User" />
      </MissingDependency>
      <MissingDependency>
        <Required type="1" schemaName="mspp_webtemplate" displayName="Web Template" solution="PowerPages_Apps (1.0.2501.3)">
          <package appName="Power Pages Core Package" version="1.0.2501.138">PowerPages_Core (1.0.2501.138)</package>
        </Required>
        <Dependent type="1" schemaName="systemuser" displayName="User" />
      </MissingDependency>
      <MissingDependency>
        <Required type="1" schemaName="usermobileofflineprofilemembership" displayName="UserMobileOfflineProfileMembership" solution="MobileOfflineMembership (1.0.0.3)">
          <package appName="MobileOfflineExtensionApp Package" version="1.0.0.0">MobileOfflineExtensionApp_Anchor (1.0.0.0)</package>
        </Required>
        <Dependent type="1" schemaName="systemuser" displayName="User" />
      </MissingDependency>
      <MissingDependency>
        <Required type="181" schemaName="NonRelational Data Provider" displayName="NonRelational Data Provider" solution="NonRelationalDataProvider (9.1.0.367)" id="{1d9bde74-9ebd-4da9-8ff5-aa74945b9f74}">
          <package appName="NonRelational Data Provider Package" version="9.1.0.367">NonRelationalCustomActions (9.1.0.367)</package>
        </Required>
        <Dependent type="1" schemaName="cttech_internalpurchaserequisitionactivitylog" displayName="Internal Purchase Requisition - Activity Log" />
      </MissingDependency>
      <MissingDependency>
        <Required type="183" schemaName="NonRelational Data Provider" displayName="NonRelational Data Provider" solution="NonRelationalDataProvider (9.1.0.367)" id="{19897b6e-b2c2-461c-8f32-5a2413028030}">
          <package appName="NonRelational Data Provider Package" version="9.1.0.367">NonRelationalCustomActions (9.1.0.367)</package>
        </Required>
        <Dependent type="1" schemaName="cttech_internalpurchaserequisitionactivitylog" displayName="Internal Purchase Requisition - Activity Log" />
      </MissingDependency>
      <MissingDependency>
        <Required type="26" schemaName="All Accounts" displayName="All Accounts" parentSchemaName="account" parentDisplayName="Account" solution="msdynce_AppCommon (9.0.4.0066)" id="{65ffaf9a-e8c5-432d-860b-32f841b00d87}">
          <package appName="msdynce_AppCommon" version="9.0.25014.10001">msdynce_AppCommonAnchor (9.0.25014.10001)</package>
        </Required>
        <Dependent type="60" displayName="Profile Web Form (Enhanced)" parentDisplayName="Contact" id="{bddc0100-0dbe-4562-aafe-31d08c8ab506}" />
      </MissingDependency>
      <MissingDependency>
        <Required type="26" schemaName="All Accounts" displayName="All Accounts" parentSchemaName="account" parentDisplayName="Account" solution="msdynce_AppCommon (9.0.4.0066)" id="{65ffaf9a-e8c5-432d-860b-32f841b00d87}">
          <package appName="msdynce_AppCommon" version="9.0.25014.10001">msdynce_AppCommonAnchor (9.0.25014.10001)</package>
        </Required>
        <Dependent type="60" displayName="Internal Purchase Requisition - Power Pages v2" parentDisplayName="Internal Purchase Requisition" id="{ef302b41-f8dc-ef11-a730-6045bd003dbc}" />
      </MissingDependency>
      <MissingDependency>
        <Required type="60" displayName="Profile Web Form (Enhanced)" parentDisplayName="Contact" solution="PowerPages_RuntimeCore (1.0.2407.1)" id="{bddc0100-0dbe-4562-aafe-31d08c8ab506}">
          <package appName="Power Pages Core Package" version="1.0.2501.138">PowerPages_Core (1.0.2501.138)</package>
        </Required>
        <Dependent type="60" displayName="Profile Web Form (Enhanced)" parentDisplayName="Contact" id="{bddc0100-0dbe-4562-aafe-31d08c8ab506}" />
      </MissingDependency>
      <MissingDependency>
        <Required type="61" schemaName="AppCommon/Contact/Contact_main_system_library.js" displayName="AppCommon/Contact/Contact_main_system_library.js" solution="msdynce_AppCommon (9.0.4.0066)">
          <package appName="msdynce_AppCommon" version="9.0.25014.10001">msdynce_AppCommonAnchor (9.0.25014.10001)</package>
        </Required>
        <Dependent type="60" displayName="Profile Web Form (Enhanced)" parentDisplayName="Contact" id="{bddc0100-0dbe-4562-aafe-31d08c8ab506}" />
      </MissingDependency>
      <MissingDependency>
        <Required type="61" schemaName="msdyn_/Images/AppModule_Default_Icon.png" displayName="msdyn_/Images/AppModule_Default_Icon.png" solution="AppModuleWebResources (2.5)" />
        <Dependent type="80" schemaName="cttech_InternalPurchaseRequisitionFormsV" displayName="Internal Purchase Requisition - Forms Validation" />
      </MissingDependency>
      <MissingDependency>
        <Required type="66" schemaName="Microsoft.PowerApps.PowerAppsOneGrid" displayName="Microsoft.PowerApps.PowerAppsOneGrid" solution="BaseCustomControlsCore (9.0.2501.4009)">
          <package appName="Base Custom Controls" version="9.0.2501.4009">BaseCustomControlsCore (9.0.2501.4009)</package>
        </Required>
        <Dependent type="26" schemaName="Contracts / Suppliers" displayName="Contracts / Suppliers" parentSchemaName="cttech_contractboard" parentDisplayName="Contract Board" id="{1a8e2211-8ab8-413e-8812-1249dd194912}" />
      </MissingDependency>
      <MissingDependency>
        <Required type="66" schemaName="Microsoft.PowerApps.PowerAppsOneGrid" displayName="Microsoft.PowerApps.PowerAppsOneGrid" solution="BaseCustomControlsCore (9.0.2501.4009)">
          <package appName="Base Custom Controls" version="9.0.2501.4009">BaseCustomControlsCore (9.0.2501.4009)</package>
        </Required>
        <Dependent type="26" schemaName="Active Fulfillment Suppliers" displayName="Active Fulfillment Suppliers" parentSchemaName="cttech_fulfillmentsupplier" parentDisplayName="Fulfillment Supplier" id="{c6256a2e-0218-4f69-89cc-b871044e6fc7}" />
      </MissingDependency>
      <MissingDependency>
        <Required type="66" schemaName="Microsoft.PowerApps.PowerAppsOneGrid" displayName="Microsoft.PowerApps.PowerAppsOneGrid" solution="BaseCustomControlsCore (9.0.2501.4009)">
          <package appName="Base Custom Controls" version="9.0.2501.4009">BaseCustomControlsCore (9.0.2501.4009)</package>
        </Required>
        <Dependent type="26" schemaName="Contracts / Contacts" displayName="Contracts / Contacts" parentSchemaName="cttech_contractboard" parentDisplayName="Contract Board" id="{feeb5ed9-baf3-ef11-be21-00224802ac0b}" />
      </MissingDependency>
      <MissingDependency>
        <Required type="66" schemaName="MscrmControls.ActivityCalendarControl.ActivityCalendarControl" displayName="MscrmControls.ActivityCalendarControl.ActivityCalendarControl" solution="msdyn_UCICalendar (1.0.0.5224)">
          <package appName="msdyn_CustomControlsExtended" version="1.0.0.2345">msdyn_TimelineExtended (1.0.0.2345)</package>
        </Required>
        <Dependent type="60" displayName="Information" parentDisplayName="Approval" id="{c047b236-dfd9-4757-848c-9cd7f879d950}" />
      </MissingDependency>
      <MissingDependency>
        <Required type="66" schemaName="MscrmControls.Canvas.CanvasControl" displayName="MscrmControls.Canvas.CanvasControl" solution="BaseCustomControlsCore (9.0.2501.4009)">
          <package appName="Base Custom Controls" version="9.0.2501.4009">BaseCustomControlsCore (9.0.2501.4009)</package>
        </Required>
        <Dependent type="26" schemaName="IPR - Internal Purchase Requisition Line Items" displayName="IPR - Internal Purchase Requisition Line Items" parentSchemaName="cttech_internalpurchaserequisitionlineitem" parentDisplayName="Expense" id="{1ed44020-18f6-ef11-be21-00224802a9a5}" />
      </MissingDependency>
      <MissingDependency>
        <Required type="66" schemaName="MscrmControls.Canvas.CanvasControl" displayName="MscrmControls.Canvas.CanvasControl" solution="BaseCustomControlsCore (9.0.2501.4009)">
          <package appName="Base Custom Controls" version="9.0.2501.4009">BaseCustomControlsCore (9.0.2501.4009)</package>
        </Required>
        <Dependent type="26" schemaName="Active Internal Purchase Requisition Line Items" displayName="Active Internal Purchase Requisition Line Items" parentSchemaName="cttech_internalpurchaserequisitionlineitem" parentDisplayName="Expense" id="{9c08221a-8ff6-4057-99ed-7eb86071fe6e}" />
      </MissingDependency>
      <MissingDependency>
        <Required type="66" schemaName="MscrmControls.FieldControls.CheckboxControl" displayName="MscrmControls.FieldControls.CheckboxControl" solution="BaseCustomControlsCore (9.0.2501.4009)">
          <package appName="Base Custom Controls" version="9.0.2501.4009">BaseCustomControlsCore (9.0.2501.4009)</package>
        </Required>
        <Dependent type="60" displayName="Portal Edit Information" parentDisplayName="Internal Purchase Requisition" id="{708fed00-8413-ef11-9f89-0022480ab751}" />
      </MissingDependency>
      <MissingDependency>
        <Required type="66" schemaName="MscrmControls.FieldControls.CheckboxControl" displayName="MscrmControls.FieldControls.CheckboxControl" solution="BaseCustomControlsCore (9.0.2501.4009)">
          <package appName="Base Custom Controls" version="9.0.2501.4009">BaseCustomControlsCore (9.0.2501.4009)</package>
        </Required>
        <Dependent type="60" displayName="Information" parentDisplayName="Approval" id="{c047b236-dfd9-4757-848c-9cd7f879d950}" />
      </MissingDependency>
      <MissingDependency>
        <Required type="66" schemaName="MscrmControls.FieldControls.CheckboxControl" displayName="MscrmControls.FieldControls.CheckboxControl" solution="BaseCustomControlsCore (9.0.2501.4009)">
          <package appName="Base Custom Controls" version="9.0.2501.4009">BaseCustomControlsCore (9.0.2501.4009)</package>
        </Required>
        <Dependent type="60" displayName="Information" parentDisplayName="Internal Purchase Requisition" id="{cf8fc250-f95a-48b0-8b49-d26f85767cb3}" />
      </MissingDependency>
      <MissingDependency>
        <Required type="66" schemaName="MscrmControls.FieldControls.ToggleControl" displayName="MscrmControls.FieldControls.ToggleControl" solution="BaseCustomControlsCore (9.0.2501.4009)">
          <package appName="Base Custom Controls" version="9.0.2501.4009">BaseCustomControlsCore (9.0.2501.4009)</package>
        </Required>
        <Dependent type="60" displayName="Information" parentDisplayName="Internal Purchase Requisition" id="{cf8fc250-f95a-48b0-8b49-d26f85767cb3}" />
      </MissingDependency>
      <MissingDependency>
        <Required type="66" schemaName="MscrmControls.FieldControls.ToggleControl" displayName="MscrmControls.FieldControls.ToggleControl" solution="BaseCustomControlsCore (9.0.2501.4009)">
          <package appName="Base Custom Controls" version="9.0.2501.4009">BaseCustomControlsCore (9.0.2501.4009)</package>
        </Required>
        <Dependent type="60" displayName="Internal Purchase Requisition - Power Pages v2" parentDisplayName="Internal Purchase Requisition" id="{ef302b41-f8dc-ef11-a730-6045bd003dbc}" />
      </MissingDependency>
      <MissingDependency>
        <Required type="66" schemaName="MscrmControls.ModelForm.ModelFormControl" displayName="MscrmControls.ModelForm.ModelFormControl" solution="BaseCustomControlsCore (9.0.2501.4009)">
          <package appName="Base Custom Controls" version="9.0.2501.4009">BaseCustomControlsCore (9.0.2501.4009)</package>
        </Required>
        <Dependent type="60" displayName="Profile Web Form (Enhanced)" parentDisplayName="Contact" id="{bddc0100-0dbe-4562-aafe-31d08c8ab506}" />
      </MissingDependency>
      <MissingDependency>
        <Required type="66" schemaName="MscrmControls.RichTextEditor.RichTextEditorControl" displayName="MscrmControls.RichTextEditor.RichTextEditorControl" solution="msdyn_RichTextEditor (1.0.0.4916)">
          <package appName="msdynce_Activities" version="9.0.25014.250219000">msdynce_EnableUCIByDefault (9.0.25014.250219000)</package>
          <package appName="msdyn_CustomControlsExtended" version="1.0.0.2345">msdyn_TimelineExtended (1.0.0.2345)</package>
        </Required>
        <Dependent type="60" displayName="Internal Purchase Requisition - Power Pages v2" parentDisplayName="Internal Purchase Requisition" id="{ef302b41-f8dc-ef11-a730-6045bd003dbc}" />
      </MissingDependency>
      <MissingDependency>
        <Required type="SettingDefinition" displayName="AppChannel" solution="msdyn_AppFrameworkInfraExtensions (1.0.0.12)" id.uniquename="AppChannel">
          <package appName="PowerAppsAppFramework Package" version="1.0.0.16">PowerAppsAppFramework_Anchor (1.0.0.16)</package>
        </Required>
        <Dependent type="AppSetting" displayName="parentappmoduleid.uniquename=cttech_InternalPurchaseRequisitionFormsV,settingdefinitionid.uniquename=AppChannel" id.parentappmoduleid.uniquename="cttech_InternalPurchaseRequisitionFormsV" id.settingdefinitionid.uniquename="AppChannel" />
      </MissingDependency>
    </MissingDependencies>
  </SolutionManifest>
</ImportExportXml>